<?xml version="1.0" encoding="UTF-8"?>
<ApexComponent xmlns="http://soap.sforce.com/2006/04/metadata">
    <apiVersion>34.0</apiVersion>
    <description>Default Force.com Login component</description>
    <label>SiteLogin</label>
    <packageVersions>
        <majorNumber>1</majorNumber>
        <minorNumber>9</minorNumber>
        <namespace>sf_chttr_apps</namespace>
    </packageVersions>
    <packageVersions>
        <majorNumber>1</majorNumber>
        <minorNumber>6</minorNumber>
        <namespace>sf_com_apps</namespace>
    </packageVersions>
</ApexComponent>